{"cameraMode":{"drawMode":0,"name":"Shaded","section":"Shading Mode"},"sceneLighting":false,"audioPlay":false,"sceneViewState":{"showFog":true,"showMaterialUpdate":false,"showSkybox":false,"showFlares":true,"showImageEffects":true,"showParticleSystems":true},"in2DMode":false,"pivot":{"x":-0.9368896484375,"y":-0.0324554443359375,"z":-0.1315765380859375},"rotation":{"x":0.10333070158958435,"y":-0.7460988759994507,"z":0.11917947977781296,"w":0.6468881964683533},"size":2.0051510334014894,"orthographic":true}