{"cameraMode":{"drawMode":0,"name":"Shaded","section":"Shading Mode"},"sceneLighting":false,"audioPlay":false,"sceneViewState":{"showFog":true,"showMaterialUpdate":false,"showSkybox":false,"showFlares":true,"showImageEffects":true,"showParticleSystems":true},"in2DMode":false,"pivot":{"x":-0.0051416801288723949,"y":-0.0036158710718154909,"z":-0.02397674322128296},"rotation":{"x":0.12969312071800233,"y":0.4528874158859253,"z":-0.06677911430597305,"w":0.8795550465583801},"size":1.409186601638794,"orthographic":false}