{"cameraMode":{"drawMode":0,"name":"Shaded","section":"Shading Mode"},"sceneLighting":false,"audioPlay":false,"sceneViewState":{"showFog":true,"showMaterialUpdate":false,"showSkybox":false,"showFlares":true,"showImageEffects":true,"showParticleSystems":true},"in2DMode":false,"pivot":{"x":-0.4480000138282776,"y":-0.07397294044494629,"z":-0.057457178831100467},"rotation":{"x":0.1211799681186676,"y":0.627058744430542,"z":-0.09958584606647492,"w":0.7630216479301453},"size":2.859308958053589,"orthographic":true}