{"cameraMode":{"drawMode":0,"name":"Shaded","section":"Shading Mode"},"sceneLighting":false,"audioPlay":false,"sceneViewState":{"showFog":true,"showMaterialUpdate":false,"showSkybox":false,"showFlares":true,"showImageEffects":true,"showParticleSystems":true},"in2DMode":false,"pivot":{"x":0.0,"y":0.002953622490167618,"z":-0.2903447151184082},"rotation":{"x":0.289421409368515,"y":0.3454945385456085,"z":-0.11292242258787155,"w":0.8855058550834656},"size":6.002342700958252,"orthographic":false}