{"cameraMode":{"drawMode":0,"name":"Shaded","section":"Shading Mode"},"sceneLighting":false,"audioPlay":false,"sceneViewState":{"showFog":true,"showMaterialUpdate":false,"showSkybox":false,"showFlares":true,"showImageEffects":true,"showParticleSystems":true},"in2DMode":false,"pivot":{"x":-0.6914435625076294,"y":-0.02528131753206253,"z":-0.048700809478759769},"rotation":{"x":0.026220068335533143,"y":-0.7529883980751038,"z":0.03005850315093994,"w":0.6568288207054138},"size":1.846989631652832,"orthographic":true}