{"cameraMode":{"drawMode":0,"name":"Shaded","section":"Shading Mode"},"sceneLighting":false,"audioPlay":false,"sceneViewState":{"showFog":true,"showMaterialUpdate":false,"showSkybox":false,"showFlares":true,"showImageEffects":true,"showParticleSystems":true},"in2DMode":false,"pivot":{"x":0.0,"y":-0.033651672303676608,"z":-0.026901930570602418},"rotation":{"x":0.289421409368515,"y":0.3454945385456085,"z":-0.11292242258787155,"w":0.8855058550834656},"size":0.4863309860229492,"orthographic":false}