{"cameraMode":{"drawMode":0,"name":"Shaded","section":"Shading Mode"},"sceneLighting":false,"audioPlay":false,"sceneViewState":{"showFog":true,"showMaterialUpdate":false,"showSkybox":false,"showFlares":true,"showImageEffects":true,"showParticleSystems":true},"in2DMode":false,"pivot":{"x":-0.005077066831290722,"y":-0.04028046131134033,"z":-0.05706584453582764},"rotation":{"x":0.12969312071800233,"y":0.4528874158859253,"z":-0.06677911430597305,"w":0.8795550465583801},"size":2.1042675971984865,"orthographic":false}